	ALCAM|1	BCAN|1	BGN	CD44|1	CDH15	CDH1|1	CDH20	CDH3|1	CDH6|1	CDH8	CEACAM6	COL1	COL23A1|1	COL2A1|2	COL3A1|1	COL4	COL5A1	DCN|A	DSG2	ECM1|1	ELN|3	FBN1	FN1|1	GAP43|1	HA<500kDa	HA>500kDa	ICAM1	ITGA10B1	ITGA2B1	ITGA3B1	ITGA4B1	ITGA6B4	ITGA9B1	ITGAMB2	ITGAVB6	LAMB1	LUM	Laminin3B32	NID1|1	OMD	PECAM1|Long	POSTN|1	SPARC	SPP1|A	THBS1|1	TNC|1	VCAM1|1	VTN
ANGPT1|1	0.041814804787227586	-1.0753415694197677	-0.62514241367770362	-0.055523093796271371	-0.98170427028381901	-0.17548924801806509	-1.0977574955815643	-0.1469157670378041	-1.0670000542716025	0.89352900058842766	-1.0437651429861678	-0.40820235426069557	-0.83243664830519715	-0.83471160698196956	-0.67030792660722294	-0.69994305496997722	-1.4184053378770338	-1.3328062260656808	0.24067652591948502	-0.66927661200708688	-1.5452267009115019	-0.94906619646772516	-0.83125366979327586	-1.5165622215841708	-0.34608081599363183	-0.091801101495199905	-0.41162995866703206	-0.49201183191298736	-0.87511487308144664	-0.48124369417626522	-0.65729516297608559	0.26736937439361402	0.050611311670747609	0.36373662394168982	-1.1137732046660413	-0.92904656011212894	-1.240624900482866	-0.23718612733212988	0.19678498984895773	-0.38020519614521658	-0.30243194218196051	-1.3390244464488581	-1.7309846600655512	0.20800811932103463	0.82737320226788891	-0.24346501328002221	-1.5333665830099286	0.49538089937091451
ANGPT2|1	-0.87987711991149031	0.271130639405878	-1.6226056287041175	0.078608469786225196	0.36382762228875998	0.9516162788020136	-0.24425366562130305	-0.41451157299094371	-0.34271387715200896	-0.85961482129703737	-0.79503632765906096	-0.61131066492292752	-0.331854741068216	-0.84047483562979275	-0.59820690294471934	-0.010721574255034587	0.31571982947061533	-0.5461255156378112	-0.41636187271471853	-0.28414127442071108	-1.4477068056338613	-0.20184843588626733	-0.40835401817248002	0.16696786479206183	-0.50077800601415023	-1.0565352443584499	-1.0512270074459813	-0.60621475748695786	0.29797515179179146	-0.052065156607577018	-1.4252605466897081	-0.035655121352459587	-0.47235618894567505	0.86792813227915044	0.28505338650772355	0.30850062726965699	-0.49201183191298736	0.77168221386050195	0.76701096537752989	-0.52016065394025013	-0.34065124795173535	0.34853989998085017	-0.026009296562945063	0.6083401808682487	0.92449877137488912	0.1127935155025243	-1.0115213953407149	0.58771388886551323
AREG	0.69888353620378763	0.057436187701064158	-0.1654187642755523	1.3838887601711136	1.1631874357418395	0.33140187794916487	0.82085165406114124	0.53948476491793995	-0.23657947168499066	1.2305868781390152	-0.049941861842589079	0.82461291907340462	0.16347959482101099	-0.12313486566994522	0.0016238681642499378	0.6425252265845478	0.51925279908584554	0.30003778099206441	-0.59571961479144808	0.42070158920806816	0.0096013899241312751	-0.090223796812638882	-0.031651194081339665	1.1356756021440733	0.49683687292404893	0.84596719785270791	-0.33073242812100767	-0.31131944741255069	-0.35836559284820269	0.69751856099772402	-0.59778224399172242	-0.11882761057525569	-0.65656717619951843	1.6655286443555266	0.85297407057716612	0.77793076702603714	0.4344120068334163	-0.30949948047113301	-1.5835976705930619	0.034686600933341423	0.27659054023013163	-0.66405937344168919	0.91266898625567228	-0.19569088106780297	1.2818796131046413	0.018640559066506582	-0.046999581953964469	0.68523378414315383
BMP2	-0.1665410772227606	0.58974618528343037	0.94685403197197004	0.76943758796608741	0.66712511307604672	-0.15971620119244337	0.27743985813612615	0.025981092396892211	-0.012207880590526144	0.94679336640725709	0.61361808499836146	2.3966396975054369	0.57873538528785229	0.45834457211306029	-0.64452506160380352	0.33410149557893554	1.3636871271213737	0.75281522323447114	0.9777631371937171	0.56111203873845639	-0.75354108139473341	0.44891107680004522	0.58844187564208117	0.0039594924057353249	0.62572086515879066	0.77677812129647239	1.1438654533804533	0.91916020168006207	-0.96001633089858962	0.91012103253768672	0.26858268568789245	0.24164717495490817	-0.56547783078155522	1.6698662322325728	-0.096866676148813127	0.45710092803642538	0.46271249277246412	-0.096169022154603101	-1.6348600727763314	0.99923874710244842	0.5920818095249164	0.12404697775695769	0.72117813123615626	0.8491218072178327	0.74978194499877437	-0.01366385414366054	-0.66466602908882833	0.0068714395120047893
BMP3	-0.4425087311064213	-0.48825056690072405	-0.13093039073568358	-0.80498548027214445	-1.2033155781837999	0.33674044764399125	-1.070366993113226	-0.5461255156378112	0.23151602564768176	-0.080365642546625565	-1.3331398866716075	-0.55974493491608845	-0.79082007091144291	0.41339138866004038	0.96684333554521118	0.60639888279740373	-0.53951296908399349	-0.85524690063763487	-0.077575026569784072	-0.40162014048923361	-1.3753631197125018	-0.41384425177909012	-0.36070121708968877	-1.0168902978178971	-1.0211975529125867	0.64525517699667501	-0.36012489422490668	-1.0093374350110134	-1.1741354415564003	-0.046089598483255639	-0.77268106706197803	-0.28304929425586062	-0.37662592782709492	-0.83322530064647871	0.67528463153006968	-1.5695535923617869	0.17300408848109819	-0.23039158408417049	-0.72442161033204822	-0.65984311669407048	0.17861565321713699	0.025465435096823807	0.08673765545789168	-0.72081200923156874	0.60642921557976026	0.37113782283678842	0.35654775452308868	-0.88551901742988492
BMP4	-0.305859546588297	0.31271688401727571	0.024343122149615513	0.40262325092331824	0.4516410272121717	0.9655390259038612	-0.03535179352888998	0.28596336997843236	0.020369527660854099	0.1266555970396562	0.52450037043360043	-0.88439670448267793	0.22365983501722839	-0.38099384848649814	-0.2082486529635863	-0.75611936789507539	-0.12228554776394937	-1.2478137699014671	-1.0850783925563536	-0.66421103735347364	0.74459503921573256	-1.00017693473921	-1.1372811109926884	-0.69894207315219825	-0.024249995186241057	0.052613275306306898	-0.95485975789790556	0.50096213132459544	-0.077302031528570958	0.22365983501722839	0.026496749696960614	-0.9913197622909764	-0.49713807213131422	-0.021611043121185388	-1.0474657424337181	-0.66348305057690637	-0.76673584172001308	0.95122195263137455	-0.47857440932885237	0.49629088284162337	-0.49195116634827302	1.2846095635167682	-0.018820427144344575	-1.3192171395697607	0.55149654673129833	0.18465187690617202	-1.1382820928104687	-1.2481777632897504
BMP5|1	1.2105369090010625	0.12080137004476213	0.97154491681054045	0.75697081441737424	0.11030622734925311	-0.71113585165969706	-1.3424520508551954	0.6734646645886514	-0.16056551909843855	-0.76327790453131872	1.1771101828436872	-0.80641112104292234	0.34241267794474367	-0.15213300560320245	-0.43489520273482385	0.46225750103710939	0.13378380089354236	0.2140746757924275	-0.80413616236614993	-1.492356661263313	0.13096285213434505	-0.48764391125358486	-0.44320638510063198	0.31453685095869338	0.49471357815906097	-0.53893664621921145	0.37829635947303242	0.0483363529939752	1.5621545220829913	-0.67871010732010262	0.70337278799261882	-0.25204919068704273	0.36734622504216802	0.96559969146857549	-0.27874203916117107	-0.54030162142527494	-0.82737107365158458	-0.99456537000317125	-2.367457432261733	1.0994885927922149	-0.80225552986001791	-0.15537861331539801	-0.051974158260506199	-0.71359280703061168	1.5179293254065374	-0.89941143174937466	0.028953705067874657	0.37423176663719887
BMP6	-1.5375221741928324	-0.18301177804259167	-0.13863491745435316	-0.66651632881260248	0.19190141188948684	0.12871822623993048	-0.89015993313050046	-0.30934781655934784	0.13099318491670289	0.24468045319060494	-0.12841276980005589	-0.50784554430332274	-0.3059505449353685	0.24034286531355892	-0.52947281812383851	0.21986823722260793	-0.17336595325307716	-0.92713559482364039	0.095685826253196174	0.017487913336942471	0.26736937439361402	0.49610888614748105	-0.48682492612994616	-0.38044785840407258	-0.45697746829069374	1.0288738754652027	-0.63123930293145358	0.1156144642617216	-0.7800822659570773	0.013119992677538612	-0.36543313113737586	-0.47447948371066229	-0.1231045328875874	-0.90578131604433776	0.053826586600585334	0.51703850597378676	0.63609467672487174	0.15968799702639053	1.1061618049107476	-0.30649653501779339	-0.0032900425775781411	-0.14861440284979513	-0.816906263738432	0.4510950371297468	0.040874488534160917	0.19642099646067382	-0.26864122263630247	-0.80192186925409181
BMP7	0.48873802003473893	0.15665471879069442	0.51894947126227597	0.39203710988073703	-0.54494253712588991	0.023220809202407891	-0.95024917497964712	-0.83480260532904105	-1.3457886569144617	-0.03708076212323682	-0.10578451416176113	-0.99729532041529845	0.8853694821344047	-0.026979945598368218	-0.7008227056583296	-0.13805859458957043	-0.22198940337129089	-0.74577588911135084	-1.1442576509347901	-0.027465270116079459	1.8151602597224312	-0.44172007876514041	-1.376303435965567	0.030561342532793519	-0.66785097123630965	-0.029709896010494705	-0.67030792660722294	-0.0037753670952907288	-1.0435224807273125	0.3006141038568465	0.18082994632919508	-0.55704531728631856	0.67877290150112057	-0.38135784187478206	-0.11721997311033683	-0.44569367325390252	-1.0029978834984081	-0.95919734577495164	13.014144837043075	-0.65899379878807596	0.52832230101057731	-0.52425557955844015	-0.010236249737323346	-0.44972793330737892	-0.29333210747487154	-0.13954490092506197	-0.22999725791353007	0.20024292703765209
CSF2	-4.191215971474211	2.4734726352156269	3.9530147602412753	3.6686752584270907	5.4186644709474319	-3.7422907925911395	-5.1059313562308262	1.7479731468017556	4.7805840612863317	3.8216434798532615	-3.6665195022634434	4.2023502312155214	0.51430855556165966	5.5618048708899464	4.7180681968486287	3.8457883746094055	5.3189302825577345	2.6835878186023199	-0.70901255689470977	-2.9948607025331824	6.2471740882455551	7.1441751281057035	-6.3304354471991182	0.46802072968493263	-1.1966120332829107	1.6379864779754019	0.6872660805610703	-5.492371003458552	4.039129529352695	3.6530538755132542	5.6581417876556657	6.2189039350888651	-2.4732885099051809	4.3541658069121283	5.5736649887915188	-5.7419491366916535	-1.7088113961626099	2.9078987441320705	4.1854245386603361	-0.9279849127296349	3.6410420936998968	2.3171374749478324	4.9308829978650897	2.1274969196520925	-3.4525217227350598	-0.44787763358360411	-3.766496352911997	1.3399062257535155
CTGF|1	0.25836053803359521	0.17488472098722951	-0.77213507697955241	0.81214614552469278	0.15720070887311932	1.5109831182467928	0.67549696100656853	1.0845951966549461	0.41008511538313114	0.3295819110077472	0.3773560432199658	0.58149566848233591	1.2985323106186146	-0.063227620514940269	1.3924122720134198	0.28341541626044819	0.8521550854535288	-0.82091019100955132	0.23078803887111521	0.33719543937934598	-1.001238582121704	-0.22074575929465595	0.23291133363610317	-0.23809611080283938	0.0059007904765816348	-0.1214362298579542	-0.31696134493094663	0.046698382746698498	0.28663069119028595	-0.2744651168488394	-0.38794005564624268	-0.55228307045627556	0.014454635101245701	0.17864598599949347	1.0872038159376447	-0.25001689426912632	-0.61467760376455105	-0.41308593222016576	-1.2198166117859888	-0.70006438609940524	0.3180554537121007	1.4630876549051464	-0.67394786049005895	-0.59857089633300253	0.91036369479654267	0.11382483010266044	0.5654192938331446	0.21744161463405104
CXCL1	0.80562459731794511	-1.300410814508443	1.7287118300050823	0.16226628352673253	-0.3477794518056222	0.056586869795068308	-0.064804925197501959	0.17773600252878466	-0.42473372064524095	0.22538880361157454	-0.96520323668163011	0.058952826818912882	-0.058829367073180587	-0.32961011517380073	-0.70998320593013287	0.17558237498144022	0.26645939092290521	-0.070173827674684788	0.29785382066236282	-0.43465254047596791	-1.281695487794196	-0.027252940639579989	-0.81432797723809003	0.10069073534209506	-0.47981805340548728	0.060075139766119154	-0.56044258891029919	0.58549959575345512	-0.12519749487021817	0.46462345806095262	-0.063227620514940269	0.49701886961818986	-0.60821672112251779	-0.18935132955519765	-0.24067439730318138	-0.71328947920704211	-1.0275674372075492	0.36846853798937562	0.59805736764923845	-0.038779397935226501	-0.40122581431859317	0.263274448775424	-0.53860298561328468	-0.30670886449429285	2.1736634143993916	-0.38536176914590065	0.72126912958322775	0.29800548457414799
CXCL12|Alpha	-0.33291638845070931	-0.38132750909242491	-0.57102872995287901	-1.7259797509766523	-0.5786119255421206	-0.92176669234645758	-0.41071997519632325	0.51992012029769841	-0.28374694825007069	-0.029163905928068463	-0.32806314327359554	-0.97988430334240073	-0.55073609855607031	0.24859338211465271	0.2106774041684468	-0.023734337886172654	-0.54518519938474519	-0.69842641585212917	-0.71981102741378911	0.056859864836281429	-1.1055226878649476	-0.27131050748371532	-0.89628715516660706	-0.85639954636719895	-0.7544207320830858	0.11755576233256657	-0.795612650523843	-0.57430467044743116	-1.1838722646929858	-0.30497989589994534	-0.68204671337936895	0.30901628456972541	-1.3571634502983232	-0.80999038936104406	-1.2599772156266094	-0.73082182740936719	0.43908325531638842	-0.15158701552077755	-0.80483381636036	-0.047181578648106098	-0.17494325793563953	-0.69839608306977208	-0.47514680492251515	-0.1040555455674143	-0.1213148987285269	-0.12040491525781806	-0.44448036195962409	0.13163017334619861
CXCL12|Beta	-0.59277733490282281	0.01688125768980258	0.089012614134664089	0.26403276833434763	0.19824096340209146	-0.63281660761401604	0.1266252642572997	-0.6220181370949367	-1.662068578550528	0.64695381280866537	-0.080638637587837333	-0.88388104718260885	-0.98928746587305993	-0.28835753116832913	-0.081518288276189677	0.078881464827436965	0.078669135350939529	-1.1211440707787841	-0.0092049351371865373	0.022462489643483529	-0.095532033725107393	0.34611327739229264	0.44138854677551798	0.40131894128196766	-0.41845483469734862	0.13906170502365506	-0.7171720753487334	0.71923683316531128	-0.14309383646082716	-0.063470282773796224	-1.0580215506939414	0.85852496974849124	0.39224943935723583	0.60849184478003382	0.25975584602201596	-0.18355776812501723	-0.88463936674153321	0.6456798359496726	-2.4224507666749093	0.3120192300230657	0.79428013671644027	0.63909762217821131	0.20433785265584217	0.2904829545496207	0.83762568270454263	0.96475037356257898	-1.0370009325205649	-1.4144620761706288
CXCL8|1	0.11873874084448852	1.2669862169673725	0.44557447074077883	0.25280963886227076	0.38903416442739741	1.400086465949731	-0.65122860650469272	-0.11118374942130045	1.4279319601534246	0.1564727220965528	0.11082188464932151	0.35008687188105536	0.077728819097872853	-0.033744156063971117	-0.12701746181163651	-0.66921594644237314	0.053280596518159765	0.29888513526250032	-0.29117847992752643	0.4287701093150203	0.89125404191165525	0.47402662059161121	0.62180793623474151	0.95734917466748104	0.94133346558300413	2.3781367002676883	0.0025641844173152559	0.062987086872388617	-0.25168519729875949	0.87702796698624008	-0.14006055822513105	0.39161245092773944	0.26263746034592761	0.40671817654150827	0.64953209930900735	-0.44575433881861687	-0.17925051303032905	0.4815794833984956	0.31590182616475698	0.72005581828894927	-0.091255111412775022	0.12568494800423372	-0.23293953780215601	-0.027192275074866337	0.884611162575481	0.87705829976859595	0.39346275065151493	0.45503829883615243
DLL1|1	-0.14612711469652392	-0.66606133707724846	-0.54500320269060432	0.94912899064874245	0.065080048855018724	0.32712495563683319	0.18061761685269559	-0.13560163921865706	-0.81341799376738122	0.33931873414433322	0.55980772909710652	-0.44084042807678808	0.55313451697857374	-0.17497359071799601	-0.17154598631165949	0.61225310979229786	-0.22981526121938775	1.2372904230399038	0.32627563773083867	-0.21273790475241677	0.24722840690858913	-0.98046062620718344	0.8264025532324657	-0.80340817558958277	0.81930468216093544	0.88819043089360206	0.87074908103834781	-1.0254744752249183	0.010996697912551345	-0.85567155959063246	0.069599633426206384	0.52113343159197689	-0.17075733397037865	-1.2533950018551481	-0.49510577571339776	0.037295220216039926	-0.4195164820798426	0.34453597270973157	-1.1825982878339936	0.75054026455769873	-0.22487101769520251	0.34226101403295917	0.38897349886268445	0.23527729065994571	1.3977508417082456	0.51336823930859432	-0.16102051083379262	0.009844052182987232
DLL4	0.20840244549167508	0.038447865945604044	0.276469209100703	0.068234658220143476	0.32430400687763589	0.87302403971512021	-0.51154614375087237	0.54206305141828193	0.24013053583706012	0.41008511538313114	-0.58322250846037915	-0.065411580844641187	-1.6499051328253851	0.77574680669633556	-0.56814711562896747	1.2737504274329754	-1.0884149986156193	-0.67667781090218548	-0.12680513233513702	-0.53323408313610177	-0.68871992549790106	0.41169275284805001	0.39052047076288898	0.37917601016138414	-0.51439742529242682	0.67015839131174348	0.6666094557759783	-0.072054460180816779	0.11057922239046487	0.4817008145279229	-0.69845674863448637	0.02810438716187948	0.51591619302657987	-0.65065228363991068	-0.44769563688946246	0.32770127850161657	0.47484560571524986	0.23100036834761334	0.19702765210781303	0.18140626919397645	1.4087616417038242	0.004414484141090076	-0.15149601717370675	0.4094177941712776	1.6375921518047614	0.65999690922215992	-0.32066194437849627	0.33940973249140405
EGF|1	-1.3782144012540563	-0.62453575803056438	0.86489485404345434	-0.48324565781182449	0.34926788675741738	-0.67558583073733569	-0.010782239819748912	-0.076786374228502555	-0.14867506841450809	-0.059345024373248317	-0.74237861748737088	-0.27540543310190541	-1.7137253069044385	-0.52841117074134458	0.2210208829521727	-1.3240703847468751	-1.324737705958728	-1.1347634900570607	-0.90205038381443026	-0.1783101967772624	-0.6730075442369936	-0.76561352877280553	-0.033653157716900299	-0.59238300873218241	-0.12492449982900504	-0.048819548895382127	-1.3458493224791754	0.24559043666131378	0.99208021046620509	-0.26375764467683088	-0.56405219001077733	-1.2433851836773502	-0.61397994977034098	-0.18337577143087561	-0.52910882473555454	-0.5687841040584638	-1.5244790777793378	-0.060497670102813782	3.2768667087221837	0.61103979849801937	-1.4218936078480846	0.28920897769062792	0.32430400687763589	0.22742110002949167	1.2487865475531932	0.036931226827755993	-1.5228411075320618	-0.84954433755452596
FASLG|1	-0.78523883895776136	1.0532614324802028	0.44111555173430483	0.086767988240248159	-0.59805523903293489	0.86883811574985859	-0.47423682145180635	-1.4314181015081719	0.83107380171543854	0.23227434520660611	0.44266252363451075	-0.46359001484451151	-0.35948790579541035	-0.40286378456586919	-0.38066018788057138	0.21986823722260793	0.38060165093216136	0.39346275065151493	0.52595634398673419	-1.1068269975062968	-0.4439343718771992	0.030167016362153094	-0.61734688861196385	-0.19098929980247301	-0.27173516643671225	-0.30355425512916812	-0.48470163136495886	-0.29339277303958516	0.059468484118979939	-0.45169956416058171	-0.7999805711832455	0.73625352406756794	0.57042420292204343	0.98295004297675825	-0.0021980624127283552	0.060712128195616215	0.27692420083605773	0.64294988553754606	1.0925727184148275	0.99620546886675232	-0.37811223416258649	-0.11749296815154928	0.6740106546710769	0.24237516173147472	1.1648860715538312	0.12337965654510415	0.73088462159038514	-0.62863068364875441
FBS	0.36810454460109165	0.11285418106723728	0.3766887220081136	0.36027868675299546	-0.093499737307190939	0.11898140310334447	-0.21067527555214316	0.49974882003031706	0.2624857964341431	-0.07890966899348982	0.44833475393526251	-0.038354738982229589	0.10703028685470105	0.40793148783578675	-0.59483996410309647	0.83859633173996584	0.027740393773596217	0.18877713530671991	0.8294964970328762	0.20694647193854068	0.72066247393608851	-0.069931165415828833	0.54448967400683945	0.14239831108292075	-0.17955384085389867	-0.16193049430450146	0.73576819954985673	1.2976829927126208	0.20279088075563628	0.4142407065660349	0.34650760356293442	0.19396404108976045	0.40608118811201122	0.89738126394776174	0.8189103559902956	0.60818851695646425	-0.34608081599363183	0.34314066472131016	1.8232591126117412	0.74602067998651045	-0.20752066618701909	-0.30343292399974015	0.12647360034551458	-0.13575330313044151	1.2765107106274596	0.51734183379735643	0.28572070771957708	0.37829635947303242
FGF2|3	-1.2071981743254911	-0.22863228270746647	-0.91030090061552471	0.060894124889757845	0.036415569527686917	-1.0296907319725364	-0.31768933170751312	-1.0128863705467785	-0.5369346825836514	-1.1538731429419482	0.19951494026108424	0.00047122243468447855	-0.065836239797638765	-0.11336770975100205	-0.60991535693450749	-0.7986459287595391	-0.94439494798475299	0.18996011381864053	-0.58440548697230044	-0.018153105932491032	-1.2804821764999175	-1.0454637787981582	0.4807908310572141	-0.49477211510747099	-0.59942021423899772	-0.83522726428203864	-0.63915615912662127	-0.15619759843903602	-0.10554185190290585	-0.69690977673428123	-0.99626400581516161	-0.1622944876927854	-0.26842889315980367	-0.66081376572949357	-0.23618514551435091	-1.0532289710815406	-1.1285452696738834	0.57160718143396538	0.19802863392559403	0.13530044001139108	0.04660738439962768	-0.62362577455985557	-0.74923382630004454	-0.47620845230500913	0.56041438474424565	0.27240461626486945	-1.4566853092115231	-0.5789759189304039
FGF6	0.39118779197474252	0.5112146117612506	0.054857901200722141	-0.52832017239427376	-0.54215192114904909	0.85515803090686771	-0.36045855483083278	0.76837594058359349	0.24013053583706012	0.33980405866204449	0.18428788351788808	-0.18698537253135511	-0.03516979683474835	-0.047060247518677448	0.55170887620779785	0.75284555601682768	-0.21734848767067591	0.65860160123373912	0.68162418304267569	-0.4725078528574595	1.7489437958371781	0.60912883320953093	0.88634013116982724	-0.016818463508785287	0.17003147581011507	0.15950600033224957	0.30419337217496883	0.040116168975237232	1.0657888715936277	0.69903520011557208	-0.089556475600785335	0.21419600692185548	-0.66706231889502809	-0.56550816356391176	-0.64761900540421391	0.13866737885301461	0.52744265032222637	0.1647232388976459	-0.55935060874544806	0.29733816336229441	-0.28744754769762032	0.05713285987749455	0.2646090911991304	0.76934658961901659	1.1830554081856519	0.36467694019475516	-0.35336068375930313	0.1683328399981254
FLT3LG|1	0.067112345272935178	0.17934363999370351	0.96165642976216992	1.4832892879548849	1.1835103999210068	0.19229573806012726	0.13642275295859871	-0.65514153542874121	0.76261271193577018	0.45027605200610882	1.0646362258640636	0.20075858433772051	0.018215900113508321	-0.028769579757428713	-0.11085008881537435	0.97606450138172807	0.6165603648869874	0.27194962452951466	0.40028762668183149	-0.12216421663452207	-0.11758396649861942	0.29181759697332643	-0.18355776812501723	-0.17800686895369278	0.7268806943192665	-0.40137747823037834	-0.18926033120812685	0.6403109334724898	-0.2827762992146482	-0.016424137338143515	0.89013172896444703	-0.75378374365358936	0.19071843337756489	0.62842048278855933	0.65926892244559265	0.16924282346883424	0.27367859312386217	0.35133051595769099	-0.53541804346580335	-0.45051658564866043	-0.16550976262262312	0.92131382922740712	0.28647902727850144	1.0756470258596422	1.7607129153916805	0.43080240573293743	0.37338244873120435	-0.35612096695378748
GPNMB|1	0.034292274762699651	1.2603433376311968	1.1259387790074886	-0.07047715549825441	0.080913761245354099	-0.34374519175214574	-0.30291726669967173	0.29527553416202079	0.46686808395536855	0.51524887181472634	0.70340312077497524	0.041147483575374039	0.32145272533608077	-0.18692470696664079	0.74893262709277852	1.1302157013198202	-0.11794795988690335	-0.55683298780982038	0.074270881909179853	-1.0119763870760696	-0.5511607575090679	-0.58525480487829562	0.032350976691854688	-0.50138466166128948	-0.68153105607929987	0.4575862525541366	-0.92555829014107804	0.060196470895547805	-0.10511719294990758	1.1102567305289377	0.83471373559827455	1.0289042082475586	-0.83395328742304586	0.20697680472089852	0.38600088619170064	-0.073328437039809541	0.060378467589688768	0.19587500637824892	0.53902977318258583	-0.10593617807354627	1.1088007569758032	2.1316221780526399	-0.51818902308704728	-0.40726203800762889	-0.59062370735547842	1.0551420649863334	-1.4119444552350005	0.5040864079073637
HGF|1	-0.94224132043740794	-0.27956102428480978	-0.64507105168622902	0.49650321231812283	-0.31016680168298655	-0.29973232455219051	-1.317973495493125	-0.65929712661164552	-0.23251487884915775	-0.64043013598561338	-1.2496034040605275	-1.0726722845723549	0.80880953946542633	-0.012147215025812492	-0.37328932176782925	-0.20206076536276543	-0.38502810853997388	-0.67273454919578057	-0.3135944060893231	-0.29915600168740847	-0.37362298237375602	-0.26215000721191206	-0.17333562047072065	-0.87790548905828747	-0.56520483574034219	-0.38584709366361253	-0.56866277292903655	-0.98179526863088984	-1.7775758137658484	0.10699995407234321	-1.0073658041578106	0.11879940640920283	0.63433537534816764	0.83001215433294528	0.77729377859654014	-0.20867331191658456	-0.14591478522002446	-1.0706399881544384	-0.34080291186352046	0.28893598264941484	0.31029026142871818	-0.087766841441724169	-0.40022483250081353	-0.48606660657102246	0.070054625161561135	-0.16008019458072731	-0.5741833393180038	0.77932607501445728
IGF1|1	-0.51627805779855884	0.33303984819644156	-0.22205006893600521	0.22305317937008917	-0.60748873434595052	-1.1076459826299347	-0.66536368308303839	-0.35245070028859432	-0.13987856153098807	0.148161539730744	-0.012632539543523058	-0.58000723353054073	-0.59590161148558973	-0.84933200807802645	0.13657441687038385	0.31335387244677143	0.21007074852130758	-0.37143902204405443	-0.55331438505641239	-0.13435799514202146	-0.14315450202554147	-0.92731759151778204	0.69312030755596432	0.088860950222878946	-0.48160768756454914	-0.20178777032155301	-0.11637065520434098	0.29075594959083317	-0.095805028766319161	-0.69293618224551845	-0.49443845450154422	0.81766671191366003	-0.55276839497398678	-0.80440915740736241	-0.00056009216545165519	-0.90120106590843574	0.38906449720975461	-0.33325004905663608	-1.4079405279638812	1.0468005498381674	0.45094337321796168	0.59993800015537113	-1.2843647726416088	-0.7800519331747201	1.6258533650326161	0.14303529951241647	-0.51612639388677362	0.51955612690941522
IGFBP2	0.040844155751804431	-0.7468678692762013	0.4301350845210839	0.36103700631191915	0.4613171847840441	-0.65887246765864793	0.11637278382064596	0.98831894545394117	0.14103333587685785	1.1338859679850126	-0.80307451498365601	1.0650305520347039	-0.16720839843461413	-0.0032900425775781411	0.065201379984446708	0.16872716616876582	0.095261167300197902	0.49610888614748105	0.10178271550694552	0.61012981502731056	0.10466432983085715	-0.13936290423092101	-0.24331334936823706	-0.24155404799153304	0.65204972024463503	1.3465187723073326	-0.17915951468325689	0.0070837689885035835	0.09292554305871252	-0.37143902204405443	-0.80868607971969475	-0.49653141648417498	0.43423001013927398	0.41008511538313114	0.33658878373220674	0.42591882777346651	0.10342068575422154	-0.10266023757899422	-1.6595206248325431	0.36898419528944404	0.32955157822539072	0.27364826034150569	1.3355989706588254	0.66600280012883906	1.0818652462428189	0.059134823513053839	0.81602874166638406	0.30558868016338886
IGFBP3|1	-0.63069331284902808	0.17907064495249106	0.6439508673553257	-0.35460432783593943	0.22244652372294996	0.41909395174314928	-0.22972426287231693	0.83519906011598577	-0.44526901430090493	0.79728308216977983	0.33780209502648517	0.76473600670075748	-0.60897504068144148	-0.059739350543889416	-0.17873485573025999	0.042300129304938823	0.45740425585999495	0.84924313834725995	-0.58428415584287308	0.36792254790695073	-0.6493783067809179	-0.15735024416860013	0.31198889724070783	0.25490260084490218	0.56869523432769731	0.60078731806136565	0.66667012134069192	-0.50068700766707941	0.23585361352472778	-0.056584741178764671	0.65814660949838444	1.8423990982789844	-0.84975666703102404	0.77322918576070787	0.24404346476110789	0.57652109217579417	-1.124389678490979	1.083169555884169	12.656339336360329	-0.17937184415975635	0.096535144159190664	0.26642905814054807	0.89562196257105842	-0.2985796788226257	0.78960888823346809	0.011027030694909181	1.4094592956980336	1.0673661762761906
IL13	-0.75250976679459658	-0.44099209198857325	0.3869715352271238	-0.35596930304200231	-0.38111517961592545	-2.3195013033553722	0.060803126542687026	0.031562324350573163	-0.79273103619993146	0.54755328502489342	-1.2625858349093084	-0.60639675418110006	-2.2972977066700744	-1.2896426767717208	-1.3419060607727697	-0.4469373173305381	-0.47117321043375243	-1.3136662403984363	-0.54254624731969026	-1.3865255836198642	-1.9742839073507621	0.5336002051406894	-1.8201327074126694	-0.92774225047077963	-1.3308042624301208	-0.36406815593131231	-0.13836192241314002	-0.62999565885481801	-1.226489823904521	-1.2139623847910948	-0.82291215464511058	-1.5914538612235152	-0.4772397669051453	-1.3849179461549455	0.69882287063907467	-1.8125191790410713	-1.086959025062485	0.30859162561672848	-2.3689134058148671	-0.43298423744633474	0.099113430659532695	-0.91105922017444907	-2.0370727668296782	-1.5582394645426394	0.29773248953293485	-0.14549012626702687	-0.11734130423976413	-1.2690163847689846
IL15|IL15S48AA	0.37629439583747248	0.47493660406232002	0.44032689939302466	1.4873538807907176	0.10569564443099395	-0.30989380664177413	-0.0049886783895691667	2.0361952447576299	0.91564159892665542	0.26470008954620122	0.5518605401195823	-0.20021046563899061	1.0815315856368914	0.13696874304102361	0.68511245301372647	-0.52850216908841541	-0.73946667038110203	-0.11849394996932824	0.37201747352514081	-0.10669449763246996	-0.11358003922750151	-0.94187732704912464	-0.22232306397721832	1.2871271844523966	-0.17861352460083199	0.60645954836211813	0.52334772470403568	0.90050554053052934	-0.98974245760841473	0.12792957389864895	-0.26903554880694291	0.64674148333216652	-0.33209740332707127	-0.39634223635912225	0.45233868120638177	-0.30971180994763181	0.22842208184727131	0.053280596518159765	2.7788327552031866	0.35184617325775941	0.61052414119795095	-0.11943426622239491	0.56089970926195765	2.0284603852566048	0.67865157037169321	0.085221016340042949	0.26861301847024899	0.89941356036567954
IL1B	1.8322982817541165	-0.2685198915068745	-0.36643411295515482	-1.0808924685910921	0.42200589884941742	1.0075802622506129	-1.1277262845502447	1.6230627490557761	-0.45452051291977902	-0.10475319956162366	-0.59474896575602565	-0.66957993983065645	-0.30601121050008218	-0.33743597302189693	-0.27149250417785697	0.52271073627453923	0.35239216334018431	0.28851132369641791	1.0381557068664327	0.073846222956181581	-0.014482839267298552	0.031167998179932738	-0.87023129512197506	-0.68535298665627753	0.0020788598996046891	-0.087675843094653358	0.03053100975043703	0.026345085785176147	0.20206289397906976	-0.10742248440903648	-0.83425661524661543	0.7394991317797629	0.67058305026473974	0.3363461214733508	-0.087615177529939026	0.5578967638086173	-0.55088776246785487	1.23892839328718	-0.61501126437047782	0.55847308667340068	0.65053308112678698	0.35023853579284053	0.26354744381663708	0.93053499506392412	0.58653091035359262	0.30146342176284235	-0.18549906619586287	-0.47699710464628997
IL6	-0.62329211395392881	-0.04399663650062486	-0.57985556961875628	-0.45097157738401522	0.020066199837283815	-1.3243433797880877	0.26536741075805476	-0.1602925240572261	0.10527098547799636	-0.46789726993920105	-0.36685877190815241	-0.88272840145304476	-0.75511838607729576	-1.311846273457018	-1.3894981962908468	-0.26876255376572977	-0.32903379230901869	-1.0992741346994124	-0.5576823057158149	-0.32809347605595268	-0.06113465853230949	-0.91463848849257079	-0.011904552766956535	-0.31602102867787996	-0.23157456259609244	-0.38527077079882982	0.22569213143514416	0.093168205317567795	-0.25605311795816199	-0.79215471333514931	-0.83425661524661543	-0.3174163366663007	-0.71714174256637686	-0.54509420103767514	0.60909850042717306	-0.47896873549949281	-0.26239266947076734	0.46577610379051676	-0.85130363893122929	-0.73886001473396279	0.077819817444943679	0.5295356123048558	-0.36567579339623119	-0.015241158826222912	0.60203096213800056	0.43450300518048707	0.28541737989600752	-0.73661538883954758
IL7|1	0.041481144181300812	0.68201850921331542	-0.73415843346863285	0.73494921442621874	0.55850341945575721	1.2653785795024537	0.7949474579282938	-0.53575170407173012	-0.52546889085271864	0.096959803112188936	-0.96056232098101513	-0.15025237309707049	-0.23363719179636536	-0.50651090187961634	-0.37829423085672814	1.0307241751889775	0.57427646628137829	-1.2383802745884507	-0.010023920260824552	1.1331579812084462	0.22981738983569205	0.28268742948388098	-0.49316447764255145	0.21295236284521921	0.21907958488132639	-0.27055218792479097	0.82740353505024544	-0.7703151100381348	0.66688245081719011	-0.54739949249680397	-0.62095648971244277	0.74674866676307838	0.29287924435582041	0.33628545590863712	0.21052574025666235	-1.3295302855711288	0.42403819526733455	0.58264831421190133	11.819397205566968	0.005567129870655536	0.65332369710362781	0.40398822612938112	1.3689346984691293	-0.9642629204285641	1.3041438753546533	0.66136188442822352	0.4557056200480053	0.94030215098286729
JAG1|1	-0.31732533831922988	1.3778525364820773	0.3216347220302237	0.47047768505584603	0.21838193088711638	-0.12519749487021817	0.15340911107849886	0.95722784353805246	-0.85257761579022207	-0.24583097030386475	0.20218422510849707	0.68265549764281186	0.39318975561030184	-0.54970478395593358	-0.21652950254703723	-0.72521026267332833	-0.087342182488727257	-0.058101380296613395	0.035930245009976346	-0.71474545276017587	-0.82815972599286614	-0.80025356622445865	0.67859090480697892	0.7343425587790795	-0.83422628246425901	-0.057767719690686621	0.62247525744659504	0.031622989915286816	-0.24322235102116624	0.045818732058346162	-0.14597545078473878	-0.44997059556623487	-0.41830317078556417	0.46456279249623827	-0.69093421860995907	0.74696099623957579	-0.97606237276542307	0.92580308101623765	1.9952763213580851	1.0396116804195683	0.21816960141061759	-0.47545013274608477	0.022947814161195443	1.1286080638549014	1.1330973156437318	-0.055796088837484492	-0.40726203800762889	-0.024644321356881483
JAG2|Long	-0.68535298665627753	-0.20445705516896584	-0.80398449845436548	-0.98774049397285479	0.20737113089153894	-0.48333665615889532	0.35985402779999859	-0.22220173284778968	-0.919582732016756	-0.71040786488313046	-0.23124090199016498	0.15143748022529607	-0.3319760721976433	0.10848626040783477	0.70276613234547958	-0.18822901660799005	0.055221894589005401	-0.73355177782149361	0.47945618863350836	-0.53975563134284876	-0.31735567110158702	-0.99529335677973918	0.74683966511014843	0.62453788664686871	-0.34338119836386249	0.30986560247572059	0.16514789785064415	-0.0072939698486980649	0.54658263598947032	-0.81332699542030973	-1.1723458073973392	0.88491449039905001	-0.60309048090419093	0.31699380632960672	0.13278281907576273	1.0471038776617378	-1.1722851418326254	-1.1598487010662701	-2.9933137306329773	-0.21255590805827582	-0.040933025482571606	-0.85770385600854893	-0.24755993889821226	-1.230099425004999	0.19423703613097357	0.27601421736534892	-0.53647969084829739	0.31975408952409107
KITLG|1	-2.1938325860504695	-0.13632962599522425	-0.79940424831846346	-1.2303724200462123	-0.59838889963886166	0.31144290715828293	-0.78366153427519891	-1.0355449589674304	-0.84547974471869236	-0.60239282690998019	-1.0609941633649231	-1.1598487010662701	-1.4319640915905967	-1.1037633864882428	-0.1264411389468531	-0.18270845021902207	0.30392037713375569	-0.93662975570136986	-0.61155332718178346	-0.60575976575160373	-0.33601033225112037	-1.7116930104865213	-0.87499354195201873	-0.73370344173327884	-0.34826477632333341	0.44615079360556159	-0.4935891365955497	-1.0621164763121316	-1.1995239803891795	-0.50205198287314234	-1.0429461578625296	-0.88069610503512763	-0.66160241807077513	-0.71862804890186782	-0.62996532607246092	-1.0960285269872174	-0.84180947805349993	-0.48527795422974096	3.368744706481428	-1.0581428818233687	-1.0924795914514529	-0.77061843786170436	-1.537279511933977	-0.2040930617806819	1.0262045906177899	-0.31723433997215905	-1.5864489521346163	0.4662310955258715
KNG1|HMW	-0.13469165574794822	-0.90838993532703627	-0.17536791688863643	0.11106454690817678	-0.28723521822112152	-0.92146336452288735	-1.0336643264612992	-0.1343883279243786	-0.85715786592612331	-1.150688200794467	0.11870840806213202	0.40410955725880843	0.17464205872837354	-0.9974773171094401	0.37374644211948765	-0.32669816806753194	-0.0088106089665461133	0.24519611049067336	-0.38514943966940252	-0.91870308132840428	-0.17227397308822737	-0.086856857971015347	-0.47296284459281424	0.77856775545553292	-0.80304418220129881	0.013362654936394569	-0.047151245865749612	-0.31580869920138183	-0.73161047975064797	0.13824271990001635	0.17236710005160114	-0.98115828020139351	-0.85518623507292058	-0.720751343666855	0.69688157256822836	0.10684829016055875	-0.74265161252858325	0.84029496755195543	-1.1757734118036771	-0.082610268441040136	0.48088182940428625	0.42503917708511418	-0.26882321933044412	0.30267673305712078	0.23075770608875737	0.78696993616841249	0.19350904935440569	0.46780840020843384
LEP	0.16642187470963693	0.43529165752176796	0.19766464053731009	0.00080488304061192468	-0.21270757197006029	0.35539510879352454	-0.30667853171193571	-0.52956381647090867	-0.048243226030599398	0.1383943838118015	0.49301494234707199	-0.2153161912527588	0.61583237811041946	-0.72730322465595987	0.41308806083647076	-0.42585603359244789	-0.1734872843825058	-0.19317326013217462	-0.98449488626065984	-1.0943905567399415	-1.1239650195379813	-0.8575825248791209	-0.75284342740052335	0.70452543372218357	0.82388493229683801	-0.17005967997616794	0.98998724848357433	0.099750419089029749	0.29479020964431024	1.0725530820592306	0.43156072529186112	-0.29854934604026923	0.58768355608315681	0.34984420962220009	0.46850605420264391	0.72521239128963333	0.81769704469601656	0.1394256984119383	0.25481160249783003	0.020703188266780196	0.67646761004199163	0.47041701949113301	-1.0817721192794438	0.15298445212550194	1.2786946709571607	1.4375777849429392	-0.91703477829877111	-0.51979666055196683
LYVE1	-0.26227133834134003	1.0749493718654315	-0.93326281685974699	-0.16517610201669702	0.23709725760136335	0.68511245301372647	0.0086610736710646102	-1.2895516784246492	0.76682896868338757	0.73919580395619322	-0.96144197166936685	0.15243846204307571	0.65854093566902483	0.2673997071759705	-0.66239107041205592	-0.60597209522810258	0.23843190002506912	0.24428612701996452	1.0744033817830054	0.48540141397547321	-1.2052568762546456	-0.1040252127850578	-0.048819548895382127	0.2826570967015245	0.13969869345315075	0.69148233730868902	-0.048910547242452945	1.4271736405944997	-0.03410814945225505	-0.16596475435797786	-0.11485401608649293	-0.71914370620193546	-0.47074855148075551	-0.73282379104492712	-0.54530653051417388	0.45704026247171103	1.0309365046654764	-0.16368979568120545	-0.62122948475365514	0.56265901063866097	-0.38775805895210103	-0.22948160061346165	-0.25405115432260272	0.65675130150996497	1.5950655909402978	-0.22098842155351123	0.20858444218581737	1.0804092726896859
NRG1|1	-0.017303788026495855	-1.0804678096380946	0.15098248848994131	-0.094895045295610325	0.46877904924385699	0.38803318260961778	0.14606857774811324	-0.029376235404567932	0.28669135675500024	0.30592234076931496	-0.3521473724650247	0.016153270913235381	0.4887683528170968	0.32888425701353718	0.03259363895070997	-0.26909621437165659	0.10120639264216347	-0.27595142318433097	-0.10187158523771203	-0.23469883917885934	-0.14206252186069035	0.24334581076689787	-0.32472653721432915	0.19875662070216055	0.26218246861057354	0.70937867889929795	-0.66314938997098027	0.11449215131451398	-0.74080131280480843	-0.59565894922673446	0.66269652685192926	0.6588442634925944	1.2922534246707236	-0.89395153092512158	-0.5864984489549312	-0.68107606434394585	0.63090777094183115	0.86738214219672427	0.89507597248863358	0.088739619093450961	-0.002562055801011617	0.19305405761905162	1.4610856912695869	-0.34031758734580858	0.91300264686159838	0.62669151419421243	-0.9713607915000938	0.20633981629140147
NRG1|10	-1.3002591505966585	-0.44578467160097401	1.8920538629973356	-0.027101276727795522	1.0357290842778757	-0.30640553667072323	0.90232550747194706	-0.14667310477894882	-0.72448227589676184	0.34031971596211286	0.82412759455569329	0.16341892925629664	1.4029377474912867	0.49431925198842125	-0.022157033203610281	0.64877377975008366	-1.0685470261718075	0.29600352093858867	-0.97754867910091536	0.28271776226623752	-0.39925418346539104	-0.42910164130464346	0.39564671098121651	0.033897948592059225	-0.072630783045599515	0.28004847741882466	-0.17703621991826962	1.7862834509186005	-0.56098857899272414	-0.22690331411311965	1.1209338699185889	0.41257240353640234	0.59408377316047567	0.8409926215461655	0.67916722767176096	1.2792103282572282	-0.27795338681989024	0.40104594624075585	3.146496410151951	0.18807948131250854	0.14640223835404068	1.0314521619655441	1.0054266347032692	-0.090072132900853738	0.81636240227231083	1.7639888558862327	-0.23494150143771461	1.1832677376621508
NRG1|6	-1.0112180675171454	0.12431997279817081	-1.5252677301206192	-1.2038009027015117	-0.16047452075136773	-1.8424273024450379	-1.2435368475891346	-0.25402082154024558	-1.7055354556680584	-1.9184412550315908	-1.363351337899144	-1.3529168607683479	-1.8003254005335718	-0.99241174245582753	-0.29988398846397563	-0.71568576901324177	-1.5701602480089263	-1.6276712033577307	-1.5170778788842385	-1.7977167812508728	-1.7921962148619046	-1.2519390283020135	-0.53960396743106431	-0.6981230880285596	-0.5169757117927688	-0.12125423316381324	-0.64579903846279618	0.60248595387335535	-2.2944464251285202	-0.88885562348915126	-2.4688599236810647	-0.41308593222016576	-0.76512820425509354	-0.66688032220088644	-0.81184068908481888	-0.93641742622487167	-0.83877619981780316	-0.28401994329128311	-2.8229041593515518	-0.1603835224042969	0.11063988795517919	0.23406397936566728	-0.89589282899596723	-1.9147406555840405	0.157140043308405	-0.87493287638730433	-2.2651449573716924	-0.24592196865093624
PDGFAB	0.1422163143887798	0.50472339633685948	-0.30534388928822931	0.35976302945292643	0.059377485771909121	0.040783490187090772	-0.070628819410038873	0.060257136460262137	0.028620044461948557	0.60685387453275852	-0.5830405117662375	0.31863177657688346	0.25757188569231437	0.084705359039974545	-0.34283520828143693	0.53047592855792247	0.082794393751486076	-0.49316447764255145	0.48937500846423598	-0.37386564463261129	-0.29870100995205434	-0.25738776038186845	-0.084490900947172112	0.32627563773083867	-0.48925154871850368	0.55013157152523551	-0.94591158710260104	-0.48421630684724698	0.28347608182516121	0.20057658764357819	-0.37180301543233835	-0.050093525754374216	0.5579574293733317	-0.21261657362298947	0.48691805309332126	-0.79470266705313419	-1.0771615363611859	0.12207534690375489	0.85661400446000213	-0.32093493941970869	0.77244053341942565	0.29242425262046567	0.39100579528059953	-0.07630104971079199	1.2556114235835105	-0.42858598400457504	-0.040599364876644159	0.38636487957998461
PDGFB|1	1.2492112065061922	-1.2844861037710367	1.0065489476504776	0.98225238898254752	0.036627899004186386	0.11870840806213202	1.0504708165033614	0.13748440034109269	0.26894667907617642	1.2123265431601218	0.13954702954136561	0.8998988848833902	0.21413534135714116	-0.16908903094074612	-0.5071782230914692	0.54815994067203266	0.9144586204147328	0.98046275482348844	-0.085340218853166616	1.0559610501099714	1.347246759083899	0.71398926181755651	0.38293727517364806	0.93654088597060325	1.372180306181324	-0.31984295925485756	-1.0027552212395521	0.52362071974524804	0.60791552191525244	1.5717093485254359	0.44645412142913121	-0.02082239077990319	0.38648621070941258	1.26871518556172	1.644781021223362	1.0788926335718372	0.32481966417770497	1.415040527651714	7.6429674011836246	0.17358041134588026	0.89037439122330431	0.58813854781851149	-0.2963350529282105	1.0261742578354327	1.9850541737037872	1.9475628547105803	0.18204325762347351	0.43198538424485938
PTN	-0.19299126343803366	-1.1809906503690741	-0.71065052714198573	-0.87699550558757866	-0.20412339456303974	-1.0506203517988422	-0.079121998469989283	-0.013269527973020114	-0.18210179457188286	-0.59317166107346331	-0.39321795977635465	-0.49850304733737782	-1.134551160580562	-0.52692486440585362	-0.83028302075785343	-0.02428032796859822	-0.68453400153264021	-0.25653844247587393	-0.33682931737475774	-1.0313893677845267	-0.98764949562578397	-0.60221083021583854	-0.37131769091462646	-0.34547416034649259	1.0928153806736833	-0.054704108672632687	-1.3335038800598908	-0.61564825279997426	-0.13936290423092101	-0.59629593765623012	-0.43155859667555752	-0.44881794983667012	0.12046770943883603	-0.91706511108112765	-0.41608887767350605	-0.67115724451321879	-1.1566334261364324	-1.532001607803865	-0.6865966307329131	-1.0862007055035607	0.47709023160966513	-0.53144444897704068	-0.558652954751238	0.16645220749199341	0.34016805205032841	-0.097200336754740574	-1.0850480597739964	0.18977811712449957
SHH	1.7246169043868924	-0.52741018892356495	1.8073950674390473	1.803512471297356	0.30122075950398569	1.1518126423579789	-0.20269775379226182	1.3932312571370578	1.4616316813520118	1.5914559898398195	1.2333471613334983	0.76995324526615583	0.33862108015012321	1.6597957484900592	-0.18680337583721213	0.4888896839465241	1.4681228967764017	0.60557989767376574	0.86507685073759466	1.105433818134181	1.6499679270064032	0.65529532795683065	-0.19138362597311478	0.88066790086907543	1.721492627804126	0.31999675178294701	0.093471533141137417	1.0671538467996919	0.93050466228156692	1.0228073189938092	0.73455488825557824	-0.08667486127687371	0.17045613476311267	-0.36688910469050962	0.15574473531998492	1.1080727701992354	1.0229893156879508	0.8948333102297763	3.2586367065256483	0.30116009393927273	0.22180953529345357	0.61674236158112827	0.64000760564892012	0.66809576211146848	1.0817135823310344	-0.012298878937596959	-0.55401203905062246	1.7242225782162519
TGFB1||Cterminus	-0.22165574276536479	-0.34204655594015609	-1.0060311617341042	-1.3447270095319677	-1.0148883341823378	-1.260553538491392	-1.1538124773772338	0.0058704576942251452	-1.9124960296896252	-0.50569191675597824	-1.7867363140376511	-0.52119196854038685	-1.7188212143404082	-1.0277494339016908	-1.0241095000188554	0.39980230216411961	-0.58052289083060915	0.68945004089077189	-0.68653596516819948	-0.62089582414772837	-0.52267827487587848	-0.43535019447017798	0.092682880799855885	-1.3639579935462831	-0.45655280933769615	-0.11667398302791059	-0.74298527313451002	-0.78153823951021162	-0.78796878936988846	-2.0025237277250949	-0.51985732611668045	-0.25253451520475401	-0.74438058112293015	-0.55992693161023011	-0.22666065185426368	-0.54624684676723922	-0.14303317089611284	0.50062847071866934	2.4343736787574994	-0.54833980874986998	-0.034047483887540725	-0.72023568636678659	-0.53250609635953461	-1.2607052024031764	2.2968145107686664	-0.97685102510670463	-1.5721015460797718	-0.76785815466722074
TGFB1||LAP	0.011118029041979997	0.023372473114192358	0.095625160688481842	0.14500693036561926	0.18710883227708672	1.0906920859086955	1.1220561828657973	0.2113750581626582	0.30938027795800932	-0.11436869156878168	0.38803318260961778	-0.090739454112705939	0.97927977631156582	0.41869962557250889	-1.2712610106633999	-0.047879232642316132	0.058224840042345009	0.69196766182639957	1.3724836340048945	-0.29548573502221598	-0.26912654715401374	0.33843908345598089	-0.40171113883630444	-0.37765724242723175	0.17597670115208064	-0.43944512008836867	-0.27109817800721653	0.12031604552705089	-0.28168431904979707	0.42012526634328545	-0.17269863204122426	-0.47444915092830514	0.65726695881003339	0.02513177449089771	-0.7956733160885574	0.38451457985621046	-0.46274069693851699	0.54291236932427778	-1.1878761919641057	0.53178023819927167	-0.58613445556664723	0.2619094735693604	-0.93104852374768821	-0.042722659641632098	2.0535759290481699	0.68304982381345292	-0.37893121928622453	0.016153270913235381
TGFB2|A	1.2288882423270249	0.53008160238728141	-0.22811662540739808	-0.55710598285103285	-0.2224747278890028	0.52841329935764814	1.0544444109921227	0.51540053572651079	0.38575822393284537	0.78642394608598687	0.90617777083128248	0.21634963446919991	-0.29129981105695441	0.48606873518732613	0.7870912672978404	1.2958326929888446	0.69099701279097714	0.004717811964659686	0.074968535903389213	0.61516505689856593	-0.21467920282326308	1.4732794697770857	0.29745949449172243	-0.09049679185385065	0.80101401439968667	0.48722138091689088	0.43201571702721586	0.14197365212992316	0.12529062183359263	0.56256801229159081	0.14033568188264781	0.66400083649327846	0.0017451992936772429	0.81302579621304505	1.3756079105876606	1.1066471294284594	0.37107715727207546	0.5955700794959673	-2.6354778971678692	1.4002077970791595	-0.16290114333992461	-0.75775733814235147	-0.093166076701263492	0.58037335553512892	2.1668385383690745	0.5264416685044454	-0.14694609982016194	-0.16678373948161587
THPO|1	-0.80146687751873713	1.1492646886399946	-0.13253802820060379	-0.1441251510609633	0.022219827384628247	0.43699029333375827	0.52310506244517962	-0.32220891627870146	-0.45913109583803818	0.81357178629547	-0.37856722589794056	-0.040902692700213766	-0.3934909548175678	0.53396419852897337	-0.58255518724852562	0.48430943381062275	-0.29026849645681763	0.70598140727531733	0.18577418985337962	-0.69478648196929393	0.49122530818801013	-0.68480699657385258	0.037810877516108329	-0.47599612282851034	-0.38936569641702057	-0.5873780996432828	-0.43899012835301393	0.040267832887021696	-0.92552795735872151	-0.24604329978036421	0.019216881931289311	0.99156455316613601	1.0822899051958166	0.13709007417045224	0.0089947342769920568	-0.62153281257722481	0.40210759362324916	-0.47945406001720403	1.6461156636470691	-0.26815589811859059	-0.61892419329452564	-0.041327351653212031	0.0063254494295792224	-0.51227413052743953	1.2707778147619921	0.26482142067562853	1.0375793840016518	0.0260114251792487
TNF	0.10942657666090076	-0.088858821606575308	0.21107173033908858	-0.59001705170833918	-0.69730410290492162	-0.71783939656058626	-0.11837261883990162	-0.3853314363635435	-0.067231547786058846	-0.33516101434512452	-0.63663853819099292	-1.0299333942313924	0.55413549879635471	-0.79837293371832674	-0.80416649514850713	-0.063409617209081892	-0.099505628213869476	0.24492311544946024	-0.52941215255912422	-0.62007683902409105	-0.89028126425992848	-1.1668859065730854	0.87748295872159354	-0.70792057672985931	-0.55431536687419203	-1.685121493141821	-0.21546785516454395	-0.30094563584646961	-0.89598382734303739	0.35879238041750461	-0.79925258440667835	-0.081427289929118865	0.52392404756881772	0.15935433642046443	-0.83910986042372993	-0.49034352888335414	-0.6287216819958259	0.71659788110025502	-0.4970470737842434	0.1290215540635001	0.096686808070975808	-1.0129773688938493	-1.1471089324763453	-0.62826669026047122	0.11540213478522281	-0.17424560394142949	-0.19047364250240595	-0.55619599938032405
TNFRSF11B	-0.045391944489044933	0.21474199700428107	-0.22502268160698766	-0.25556779344045077	-1.0497710338928463	0.041511476963657971	-0.11288238523329013	0.4389922569693176	-0.79697762572990594	-0.6463146957628646	-0.12892842710012498	-1.6152347625913754	-1.5632140408491817	0.73191593619052198	-0.38693907382846304	-1.06533175124197	-0.73291478939199795	-0.72745488856774432	-0.96062298654572886	-0.1205565791696032	0.048488016905759664	-0.18286011413080722	0.48476442554597687	-1.0263541259132707	0.3670125644362412	-1.3783357323834842	-0.61959151450637917	-0.20427505847482419	-0.063773610597365832	-0.11239706071557889	-0.72766721804424306	-0.021429046427043082	-0.67758779437289496	-0.080668970370195173	-0.46574364239185595	-0.5014453272260031	-0.88524602238867245	-0.06489592354457345	3.1853830371335792	0.87939392401008265	-0.16896769981131748	-1.0986068134875588	0.38190596057351062	-1.3243433797880877	0.71869084308288578	0.27695453361841421	-0.97757901188327179	-0.33904361048681647
TNFSF11|1	-0.086614195712159378	0.4106614382479139	0.52283206740396726	-0.50126333053186145	1.0725227492768747	0.40677884210622128	-0.41496656472629778	-0.041994672865065572	-0.62653772166612365	0.96769265345120492	0.52565301616316451	0.015455616919025346	0.68763007394935427	0.56945355388662167	0.23069704052404372	0.2397362096664197	0.28690368623149903	-0.22802562706032725	0.55292218750207622	-0.05852603924961098	-0.26958153888936848	-0.19335525682631757	-0.10065827394343359	0.47081134566177346	0.91509560884423047	1.5661584493541114	0.041359813051873508	0.13590709565853029	0.1356037678349607	0.40313890822338527	-0.063803943379722325	0.48852569055824013	0.50187211479530436	-0.53535737790108906	0.76400801992419021	0.39164278371009659	-0.034866469011178743	0.54321569714784745	-1.2540016575022872	-0.12225521498159289	0.49838384482425346	0.32627563773083867	0.91894787220356322	0.64825812245001457	0.62041262824632148	0.082218070886703354	0.22153654025224112	0.064291396513737872
VEGFA|VEGF206	0.48767637265224495	0.37053116718964924	0.55738110650854888	0.83607871080433815	0.051824622965026046	0.10029640917145463	0.31829811597095736	0.68010754392482697	1.2573707249602137	0.62262692135838027	1.1743195668668456	0.17400507029887785	-0.16274947942814014	0.79027620944532173	0.41985227130207364	0.2992491286507829	0.60627755166797581	-0.61859053268859887	0.30504269008096396	-0.24031040391489814	1.623821068614701	0.35509178096995497	0.22481248074679316	0.64194890371976643	0.27331459973557826	0.748568633704496	-0.22487101769520251	0.19927227800222894	-0.16638941331097545	0.5911111604894933	-0.36361316419595757	0.16047664936767136	1.3059335095137152	-0.66117775911777754	0.23928121793106563	0.60648988114447455	-0.27443478406648292	0.386759205750625	0.018943886890076193	1.3402095535770844	0.58298197481782743	-0.32044961490199747	0.5376344651941658	1.0737967261358661	0.28192910992495662	1.476616075836352	-0.51761270022226524	0.64513384586724765
WNT10A	-0.32114726889620748	-0.38108484683356897	-0.73170147809771946	-0.084369569817743462	-0.046392926306825247	-0.7804159265630034	-0.91515414579263921	-0.58740843242564	-0.71868871446658145	-1.9452554346351472	-0.82952470119892907	-0.6019985007393398	-1.8468255558867976	-1.252970342902151	-1.29774152966103	-0.89146424277184977	-0.34228921819901137	0.28244476722502504	-1.5176845345313776	-0.86516572046836249	-2.0150511668385218	-0.94327263503754544	-0.25044155322212391	0.20421652152641417	-0.20309207996290224	-0.16830037859946392	-1.0083667859755903	0.83010315268001544	-0.84581340532461846	-0.29679004466356523	-0.21486119951740404	-0.037111094905593313	-0.51752170187519442	-1.048588055380925	0.17145711658089233	-0.94384895790232748	0.028802041156089513	-0.41181195536117371	0.21055607303902019	0.013453653283466057	-0.42315641596267856	0.13991102292964955	-0.5918370186497568	0.72506072737784821	0.4888896839465241	-1.3449696717908231	-1.137827101075114	-0.11652231911612612
WNT3A|1	-0.68780994202719226	-0.084885227117812545	-0.23560882264956817	-0.17467026289442641	-0.60751906712830706	0.22578312978221632	0.32536565426012987	0.90693609039020617	0.052522276959236079	0.27458857659457103	0.44226819746386964	1.4215014102937493	0.31311121018791549	-0.25844940776436237	-0.6050924445397502	0.74844730257506731	0.084493029563475749	-0.10663383206775563	-0.43073961155191948	0.39661736001663833	-0.25129087112811838	-0.24176637746803184	-0.26861088985394532	0.31183723332892338	0.64510351308488989	0.5525278613314345	0.53199256767577052	-0.43164959502262834	0.030470344185722704	0.63718665688972287	-1.1144101930955377	0.38694120244476732	0.21641030003391357	-0.59732725225636762	-0.41651353662650364	0.57867471972313789	0.18510686864152676	-1.1231460344143434	-0.45285220989014652	0.056829532053924943	0.41821430105479696	0.12868789345757264	0.031198330962290573	-0.09431872243082895	1.2089596043184996	0.64125124972555503	-0.38266215151613131	0.10360268244836318
Wnt5a|1	-0.42212510136254178	-0.78611848964611297	0.02376679928483413	0.61913865138732871	-0.10733148606196567	-0.048030896554100602	-0.90529599152662588	0.75220856758733134	0.0099653833124152113	-0.30667853171193571	0.61201044753344258	0.070843277502841973	-0.86974597060426384	0.11931506370927124	0.072784575573687615	0.49911183160082134	-1.171314492797203	1.0046076495796312	0.032957632338993903	0.5624163483798057	0.42773879471488419	0.059741479160193053	-0.35047906943539148	-0.74450191225235807	-0.33692031572182923	-0.69363383623972907	-0.28295829590878913	-0.96204862731650609	-0.073995758251663088	0.32436467244235023	0.31250455454077625	-0.44860562036017132	0.9516162788020136	-0.051337169831010492	0.15613906149062534	-0.27024886010122134	-0.1354803080892284	-0.2399464105266142	-0.1690283653760318	0.60639888279740373	0.32111906473015467	-1.0904472950335358	-0.4843679707590321	0.82418826012040769	1.2665312252320178	0.43389634953334788	0.32357602010106867	-0.83622824609981827
